"Personality","Confounder","Interaction","p_value","Significant"
"BFI_Extraversion","age","BFI_Extraversion:age",0.617236832953633,FALSE
"BFI_Agreeableness","age","BFI_Agreeableness:age",0.0639253187390375,TRUE
"BFI_Conscientiousness","age","BFI_Conscientiousness:age",0.430611355938169,FALSE
"BFI_Neuroticism","age","BFI_Neuroticism:age",0.107279169495542,FALSE
"BFI_Openness","age","BFI_Openness:age",0.185141688176172,FALSE
"DBAS_Consequences","age","DBAS_Consequences:age",0.663823423092083,FALSE
"DBAS_Worry_Helplessness","age","DBAS_Worry_Helplessness:age",0.274645209694739,FALSE
"DBAS_Expectations","age","DBAS_Expectations:age",0.946067403147405,FALSE
"DBAS_Medications","age","DBAS_Medications:age",0.574596012388162,FALSE
"SURPS_Impulsivity","age","SURPS_Impulsivity:age",0.337018491860241,FALSE
"SURPS_Sensation_Seeking","age","SURPS_Sensation_Seeking:age",0.658027240244446,FALSE
"SURPS_Hopelessness","age","SURPS_Hopelessness:age",0.552483629575664,FALSE
"SURPS_Anxiety_Sensitivity","age","SURPS_Anxiety_Sensitivity:age",0.826172981168504,FALSE
"CISS_Task","age","CISS_Task:age",0.516904704999635,FALSE
"CISS_Emotion","age","CISS_Emotion:age",0.203863351169478,FALSE
"CISS_Avoidance","age","CISS_Avoidance:age",0.659195612136875,FALSE
"BFI_Extraversion","sex","BFI_Extraversion:sex",0.433748899820552,FALSE
"BFI_Agreeableness","sex","BFI_Agreeableness:sex",0.776235643610256,FALSE
"BFI_Conscientiousness","sex","BFI_Conscientiousness:sex",0.988663975907728,FALSE
"BFI_Neuroticism","sex","BFI_Neuroticism:sex",0.96697016505504,FALSE
"BFI_Openness","sex","BFI_Openness:sex",0.899012073360876,FALSE
"DBAS_Consequences","sex","DBAS_Consequences:sex",0.187500211387131,FALSE
"DBAS_Worry_Helplessness","sex","DBAS_Worry_Helplessness:sex",0.109449649601788,FALSE
"DBAS_Expectations","sex","DBAS_Expectations:sex",0.504943805002638,FALSE
"DBAS_Medications","sex","DBAS_Medications:sex",0.229863791764282,FALSE
"SURPS_Impulsivity","sex","SURPS_Impulsivity:sex",0.549363429135629,FALSE
"SURPS_Sensation_Seeking","sex","SURPS_Sensation_Seeking:sex",0.882812221964795,FALSE
"SURPS_Hopelessness","sex","SURPS_Hopelessness:sex",0.560974927882647,FALSE
"SURPS_Anxiety_Sensitivity","sex","SURPS_Anxiety_Sensitivity:sex",0.556862950141819,FALSE
"CISS_Task","sex","CISS_Task:sex",0.919385795444002,FALSE
"CISS_Emotion","sex","CISS_Emotion:sex",0.693718370798217,FALSE
"CISS_Avoidance","sex","CISS_Avoidance:sex",0.687173256001134,FALSE
"BFI_Extraversion","education_level_numeric","BFI_Extraversion:education_level_numeric",0.615624165159221,FALSE
"BFI_Agreeableness","education_level_numeric","BFI_Agreeableness:education_level_numeric",0.928039644833697,FALSE
"BFI_Conscientiousness","education_level_numeric","BFI_Conscientiousness:education_level_numeric",0.259616193607611,FALSE
"BFI_Neuroticism","education_level_numeric","BFI_Neuroticism:education_level_numeric",0.529616038151891,FALSE
"BFI_Openness","education_level_numeric","BFI_Openness:education_level_numeric",0.591627334323775,FALSE
"DBAS_Consequences","education_level_numeric","DBAS_Consequences:education_level_numeric",0.801096638124683,FALSE
"DBAS_Worry_Helplessness","education_level_numeric","DBAS_Worry_Helplessness:education_level_numeric",0.662347706103749,FALSE
"DBAS_Expectations","education_level_numeric","DBAS_Expectations:education_level_numeric",0.83944166313293,FALSE
"DBAS_Medications","education_level_numeric","DBAS_Medications:education_level_numeric",0.939593619394663,FALSE
"SURPS_Impulsivity","education_level_numeric","SURPS_Impulsivity:education_level_numeric",0.982939252568494,FALSE
"SURPS_Sensation_Seeking","education_level_numeric","SURPS_Sensation_Seeking:education_level_numeric",0.569952924742364,FALSE
"SURPS_Hopelessness","education_level_numeric","SURPS_Hopelessness:education_level_numeric",0.671535286650195,FALSE
"SURPS_Anxiety_Sensitivity","education_level_numeric","SURPS_Anxiety_Sensitivity:education_level_numeric",0.941225388469267,FALSE
"CISS_Task","education_level_numeric","CISS_Task:education_level_numeric",0.825196264708055,FALSE
"CISS_Emotion","education_level_numeric","CISS_Emotion:education_level_numeric",0.805313367159759,FALSE
"CISS_Avoidance","education_level_numeric","CISS_Avoidance:education_level_numeric",0.951121030412355,FALSE
"BFI_Extraversion","phq2_score","BFI_Extraversion:phq2_score",0.558146046261311,FALSE
"BFI_Agreeableness","phq2_score","BFI_Agreeableness:phq2_score",0.910076643431174,FALSE
"BFI_Conscientiousness","phq2_score","BFI_Conscientiousness:phq2_score",0.142859798992092,FALSE
"BFI_Neuroticism","phq2_score","BFI_Neuroticism:phq2_score",0.504636633177363,FALSE
"BFI_Openness","phq2_score","BFI_Openness:phq2_score",0.755217154646288,FALSE
"DBAS_Consequences","phq2_score","DBAS_Consequences:phq2_score",0.942943617530251,FALSE
"DBAS_Worry_Helplessness","phq2_score","DBAS_Worry_Helplessness:phq2_score",0.86690995254858,FALSE
"DBAS_Expectations","phq2_score","DBAS_Expectations:phq2_score",0.691132481268946,FALSE
"DBAS_Medications","phq2_score","DBAS_Medications:phq2_score",0.733890841852145,FALSE
"SURPS_Impulsivity","phq2_score","SURPS_Impulsivity:phq2_score",0.343065599417195,FALSE
"SURPS_Sensation_Seeking","phq2_score","SURPS_Sensation_Seeking:phq2_score",0.555375420039297,FALSE
"SURPS_Hopelessness","phq2_score","SURPS_Hopelessness:phq2_score",0.270960911374999,FALSE
"SURPS_Anxiety_Sensitivity","phq2_score","SURPS_Anxiety_Sensitivity:phq2_score",0.0509508272692992,TRUE
"CISS_Task","phq2_score","CISS_Task:phq2_score",0.259067750043484,FALSE
"CISS_Emotion","phq2_score","CISS_Emotion:phq2_score",0.373880561971663,FALSE
"CISS_Avoidance","phq2_score","CISS_Avoidance:phq2_score",0.161173395765065,FALSE
"BFI_Extraversion","osss_3_score","BFI_Extraversion:osss_3_score",0.942602899584345,FALSE
"BFI_Agreeableness","osss_3_score","BFI_Agreeableness:osss_3_score",0.68889421031742,FALSE
"BFI_Conscientiousness","osss_3_score","BFI_Conscientiousness:osss_3_score",0.940477042032114,FALSE
"BFI_Neuroticism","osss_3_score","BFI_Neuroticism:osss_3_score",0.790331547522311,FALSE
"BFI_Openness","osss_3_score","BFI_Openness:osss_3_score",0.925359759989833,FALSE
"DBAS_Consequences","osss_3_score","DBAS_Consequences:osss_3_score",0.151769882435075,FALSE
"DBAS_Worry_Helplessness","osss_3_score","DBAS_Worry_Helplessness:osss_3_score",0.368231513860813,FALSE
"DBAS_Expectations","osss_3_score","DBAS_Expectations:osss_3_score",0.234543059646874,FALSE
"DBAS_Medications","osss_3_score","DBAS_Medications:osss_3_score",0.839751220328938,FALSE
"SURPS_Impulsivity","osss_3_score","SURPS_Impulsivity:osss_3_score",0.354122946722712,FALSE
"SURPS_Sensation_Seeking","osss_3_score","SURPS_Sensation_Seeking:osss_3_score",0.738025442386534,FALSE
"SURPS_Hopelessness","osss_3_score","SURPS_Hopelessness:osss_3_score",0.255703006643648,FALSE
"SURPS_Anxiety_Sensitivity","osss_3_score","SURPS_Anxiety_Sensitivity:osss_3_score",0.353536379552552,FALSE
"CISS_Task","osss_3_score","CISS_Task:osss_3_score",0.296252963136386,FALSE
"CISS_Emotion","osss_3_score","CISS_Emotion:osss_3_score",0.533213558338401,FALSE
"CISS_Avoidance","osss_3_score","CISS_Avoidance:osss_3_score",0.888973715651817,FALSE
"BFI_Extraversion","n_health_conditions","BFI_Extraversion:n_health_conditions",0.314046067986209,FALSE
"BFI_Agreeableness","n_health_conditions","BFI_Agreeableness:n_health_conditions",0.0806975469400166,TRUE
"BFI_Conscientiousness","n_health_conditions","BFI_Conscientiousness:n_health_conditions",0.128742159388698,FALSE
"BFI_Neuroticism","n_health_conditions","BFI_Neuroticism:n_health_conditions",0.51072909565876,FALSE
"BFI_Openness","n_health_conditions","BFI_Openness:n_health_conditions",0.369136579668319,FALSE
"DBAS_Consequences","n_health_conditions","DBAS_Consequences:n_health_conditions",0.020309605106607,TRUE
"DBAS_Worry_Helplessness","n_health_conditions","DBAS_Worry_Helplessness:n_health_conditions",0.0531407562592022,TRUE
"DBAS_Expectations","n_health_conditions","DBAS_Expectations:n_health_conditions",0.536417868020734,FALSE
"DBAS_Medications","n_health_conditions","DBAS_Medications:n_health_conditions",0.268661021570068,FALSE
"SURPS_Impulsivity","n_health_conditions","SURPS_Impulsivity:n_health_conditions",0.58060049731684,FALSE
"SURPS_Sensation_Seeking","n_health_conditions","SURPS_Sensation_Seeking:n_health_conditions",0.608273628571859,FALSE
"SURPS_Hopelessness","n_health_conditions","SURPS_Hopelessness:n_health_conditions",0.326880792887083,FALSE
"SURPS_Anxiety_Sensitivity","n_health_conditions","SURPS_Anxiety_Sensitivity:n_health_conditions",0.197801092447286,FALSE
"CISS_Task","n_health_conditions","CISS_Task:n_health_conditions",0.63372872390896,FALSE
"CISS_Emotion","n_health_conditions","CISS_Emotion:n_health_conditions",0.644504842239558,FALSE
"CISS_Avoidance","n_health_conditions","CISS_Avoidance:n_health_conditions",0.232050039188561,FALSE
