"","Overall","0","1","p","test","SMD"
"n","  397","  304","   93","","",""
"age (median [IQR])","72.00 [68.00, 77.00]","73.00 [69.00, 77.25]","71.00 [68.00, 77.00]"," 0.089","nonnorm"," 0.177"
"sex = 2 (%)","  142 (35.8) ","  113 (37.2) ","   29 ( 31.2) "," 0.352",""," 0.127"
"education (%)","  ","  ","   "," 0.445",""," 0.264"
"   1","    3 ( 0.8) ","    2 ( 0.7) ","    1 (  1.1) ","","",""
"   2","    7 ( 1.8) ","    7 ( 2.3) ","    0 (  0.0) ","","",""
"   3","   74 (18.6) ","   60 (19.7) ","   14 ( 15.1) ","","",""
"   4","  122 (30.7) ","   90 (29.6) ","   32 ( 34.4) ","","",""
"   5","  191 (48.1) ","  145 (47.7) ","   46 ( 49.5) ","","",""
"income (%)","  ","  ","   "," 0.912",""," 0.116"
"   1","    3 ( 0.8) ","    2 ( 0.7) ","    1 (  1.1) ","","",""
"   2","   45 (11.3) ","   35 (11.5) ","   10 ( 10.8) ","","",""
"   3","   73 (18.4) ","   55 (18.1) ","   18 ( 19.4) ","","",""
"   4","  104 (26.2) ","   77 (25.3) ","   27 ( 29.0) ","","",""
"   5","  172 (43.3) ","  135 (44.4) ","   37 ( 39.8) ","","",""
"employment (%)","  ","  ","   "," 0.251",""," 0.229"
"   0","  365 (91.9) ","  281 (92.4) ","   84 ( 90.3) ","","",""
"   1","    8 ( 2.0) ","    4 ( 1.3) ","    4 (  4.3) ","","",""
"   2","   21 ( 5.3) ","   16 ( 5.3) ","    5 (  5.4) ","","",""
"   4","    3 ( 0.8) ","    3 ( 1.0) ","    0 (  0.0) ","","",""
"driving_freq (%)","  ","  ","   "," 0.903",""," 0.090"
"   0","   22 ( 5.5) ","   17 ( 5.6) ","    5 (  5.4) ","","",""
"   1","   35 ( 8.8) ","   26 ( 8.6) ","    9 (  9.7) ","","",""
"   2","  114 (28.7) ","   90 (29.6) ","   24 ( 25.8) ","","",""
"   3","  226 (56.9) ","  171 (56.2) ","   55 ( 59.1) ","","",""
"phq2_score (median [IQR])"," 1.00 [0.00, 2.00]"," 1.00 [0.00, 2.00]"," 1.00 [0.00, 2.00]"," 0.637","nonnorm"," 0.022"
"osss_3_score (median [IQR])","10.00 [9.00, 12.00]","10.00 [9.00, 12.00]","10.00 [9.00, 12.00]"," 0.888","nonnorm"," 0.034"
"gen_health (%)","  ","  ","   "," 0.142",""," 0.286"
"   Poor","   17 ( 4.3) ","   13 ( 4.3) ","    4 (  4.3) ","","",""
"   Fair","   73 (18.4) ","   58 (19.1) ","   15 ( 16.1) ","","",""
"   Good","  134 (33.8) ","  106 (34.9) ","   28 ( 30.1) ","","",""
"   Very good","  136 (34.3) ","  105 (34.5) ","   31 ( 33.3) ","","",""
"   Excellent","   37 ( 9.3) ","   22 ( 7.2) ","   15 ( 16.1) ","","",""
"med_quant (median [IQR])"," 6.00 [4.00, 8.00]"," 6.00 [4.00, 9.00]"," 5.00 [3.00, 7.00]"," 0.057","nonnorm"," 0.302"
"n_physical_conditions (mean (SD))"," 3.39 (2.35)"," 3.42 (2.26)"," 3.29 (2.61)"," 0.647",""," 0.052"
"n_ment_conditions (mean (SD))"," 0.78 (0.96)"," 0.78 (0.98)"," 0.76 (0.89)"," 0.864",""," 0.021"
"n_sleep_conditions (mean (SD))"," 1.43 (0.68)"," 1.45 (0.67)"," 1.37 (0.72)"," 0.311",""," 0.118"
"n_health_conditions (mean (SD))"," 5.59 (3.02)"," 5.65 (2.94)"," 5.42 (3.29)"," 0.524",""," 0.073"
"alc_sleep (%)","  ","  ","   "," 0.600",""," 0.199"
"   0","  377 (95.0) ","  289 (95.1) ","   88 ( 94.6) ","","",""
"   1","    3 ( 0.8) ","    3 ( 1.0) ","    0 (  0.0) ","","",""
"   2","    7 ( 1.8) ","    5 ( 1.6) ","    2 (  2.2) ","","",""
"   3","    4 ( 1.0) ","    2 ( 0.7) ","    2 (  2.2) ","","",""
"   4","    6 ( 1.5) ","    5 ( 1.6) ","    1 (  1.1) ","","",""
"can_sleep (%)","  ","  ","   "," 0.956",""," 0.094"
"   0","  344 (86.6) ","  264 (86.8) ","   80 ( 86.0) ","","",""
"   1","   20 ( 5.0) ","   14 ( 4.6) ","    6 (  6.5) ","","",""
"   2","    8 ( 2.0) ","    6 ( 2.0) ","    2 (  2.2) ","","",""
"   3","    5 ( 1.3) ","    4 ( 1.3) ","    1 (  1.1) ","","",""
"   4","   20 ( 5.0) ","   16 ( 5.3) ","    4 (  4.3) ","","",""
"melatonin_use (%)","  ","  ","   "," 0.087",""," 0.323"
"   0","  302 (76.1) ","  240 (78.9) ","   62 ( 66.7) ","","",""
"   1","   28 ( 7.1) ","   19 ( 6.2) ","    9 (  9.7) ","","",""
"   2","   12 ( 3.0) ","   10 ( 3.3) ","    2 (  2.2) ","","",""
"   3","   18 ( 4.5) ","   11 ( 3.6) ","    7 (  7.5) ","","",""
"   4","   37 ( 9.3) ","   24 ( 7.9) ","   13 ( 14.0) ","","",""
"op_sleep (%)","  ","  ","   "," 0.536",""," 0.217"
"   0","  390 (98.2) ","  297 (97.7) ","   93 (100.0) ","","",""
"   1","    2 ( 0.5) ","    2 ( 0.7) ","    0 (  0.0) ","","",""
"   2","    2 ( 0.5) ","    2 ( 0.7) ","    0 (  0.0) ","","",""
"   4","    3 ( 0.8) ","    3 ( 1.0) ","    0 (  0.0) ","","",""
"side_effects_1 (%)","  ","  ","   "," 0.008",""," 0.418"
"   1","   75 (18.9) ","   58 (19.1) ","   17 ( 18.3) ","","",""
"   2","  164 (41.3) ","  136 (44.7) ","   28 ( 30.1) ","","",""
"   3","   46 (11.6) ","   36 (11.8) ","   10 ( 10.8) ","","",""
"   4","   81 (20.4) ","   57 (18.8) ","   24 ( 25.8) ","","",""
"   5","   31 ( 7.8) ","   17 ( 5.6) ","   14 ( 15.1) ","","",""
"side_effects_2 (%)","  ","  ","   "," 0.029",""," 0.363"
"   1","  102 (25.7) ","   77 (25.3) ","   25 ( 26.9) ","","",""
"   2","  170 (42.8) ","  139 (45.7) ","   31 ( 33.3) ","","",""
"   3","   49 (12.3) ","   37 (12.2) ","   12 ( 12.9) ","","",""
"   4","   34 ( 8.6) ","   19 ( 6.2) ","   15 ( 16.1) ","","",""
"   5","   42 (10.6) ","   32 (10.5) ","   10 ( 10.8) ","","",""
"side_effects_3 (%)","  ","  ","   "," 0.173",""," 0.269"
"   1","  207 (52.1) ","  158 (52.0) ","   49 ( 52.7) ","","",""
"   2","  122 (30.7) ","   98 (32.2) ","   24 ( 25.8) ","","",""
"   3","   11 ( 2.8) ","    8 ( 2.6) ","    3 (  3.2) ","","",""
"   4","   17 ( 4.3) ","    9 ( 3.0) ","    8 (  8.6) ","","",""
"   5","   40 (10.1) ","   31 (10.2) ","    9 (  9.7) ","","",""
"side_effects_4 (%)","  ","  ","   "," 0.044",""," 0.371"
"   1","   39 ( 9.8) ","   25 ( 8.2) ","   14 ( 15.1) ","","",""
"   2","   88 (22.2) ","   69 (22.7) ","   19 ( 20.4) ","","",""
"   3","  155 (39.0) ","  129 (42.4) ","   26 ( 28.0) ","","",""
"   4","   77 (19.4) ","   54 (17.8) ","   23 ( 24.7) ","","",""
"   5","   38 ( 9.6) ","   27 ( 8.9) ","   11 ( 11.8) ","","",""
"safety_1 (%)","  ","  ","   "," 0.023",""," 0.363"
"   1","  102 (25.7) ","   76 (25.0) ","   26 ( 28.0) ","","",""
"   2","  185 (46.6) ","  150 (49.3) ","   35 ( 37.6) ","","",""
"   3","   49 (12.3) ","   39 (12.8) ","   10 ( 10.8) ","","",""
"   4","   15 ( 3.8) ","    7 ( 2.3) ","    8 (  8.6) ","","",""
"   5","   46 (11.6) ","   32 (10.5) ","   14 ( 15.1) ","","",""
"safety_2 (%)","  ","  ","   "," 0.264",""," 0.265"
"   1","   56 (14.1) ","   38 (12.5) ","   18 ( 19.4) ","","",""
"   2","   48 (12.1) ","   36 (11.8) ","   12 ( 12.9) ","","",""
"   3","  106 (26.7) ","   85 (28.0) ","   21 ( 22.6) ","","",""
"   4","  152 (38.3) ","  121 (39.8) ","   31 ( 33.3) ","","",""
"   5","   35 ( 8.8) ","   24 ( 7.9) ","   11 ( 11.8) ","","",""
"safety_3 (%)","  ","  ","   "," 0.801",""," 0.155"
"   1","  223 (56.2) ","  166 (54.6) ","   57 ( 61.3) ","","",""
"   2","   89 (22.4) ","   72 (23.7) ","   17 ( 18.3) ","","",""
"   3","   22 ( 5.5) ","   17 ( 5.6) ","    5 (  5.4) ","","",""
"   4","   47 (11.8) ","   37 (12.2) ","   10 ( 10.8) ","","",""
"   5","   16 ( 4.0) ","   12 ( 3.9) ","    4 (  4.3) ","","",""
"safety_4 (%)","  ","  ","   "," 0.017",""," 0.374"
"   1","   67 (16.9) ","   51 (16.8) ","   16 ( 17.2) ","","",""
"   2","  102 (25.7) ","   83 (27.3) ","   19 ( 20.4) ","","",""
"   3","   32 ( 8.1) ","   17 ( 5.6) ","   15 ( 16.1) ","","",""
"   4","  102 (25.7) ","   82 (27.0) ","   20 ( 21.5) ","","",""
"   5","   94 (23.7) ","   71 (23.4) ","   23 ( 24.7) ","","",""
"adls_1 (%)","  ","  ","   "," 0.007",""," 0.396"
"   1","  134 (33.8) ","  107 (35.2) ","   27 ( 29.0) ","","",""
"   2","  154 (38.8) ","  124 (40.8) ","   30 ( 32.3) ","","",""
"   3","   42 (10.6) ","   29 ( 9.5) ","   13 ( 14.0) ","","",""
"   4","   18 ( 4.5) ","    8 ( 2.6) ","   10 ( 10.8) ","","",""
"   5","   49 (12.3) ","   36 (11.8) ","   13 ( 14.0) ","","",""
"adls_2 (%)","  ","  ","   "," 0.036",""," 0.355"
"   1","  150 (37.8) ","  120 (39.5) ","   30 ( 32.3) ","","",""
"   2","  147 (37.0) ","  118 (38.8) ","   29 ( 31.2) ","","",""
"   3","   35 ( 8.8) ","   24 ( 7.9) ","   11 ( 11.8) ","","",""
"   4","   12 ( 3.0) ","    6 ( 2.0) ","    6 (  6.5) ","","",""
"   5","   53 (13.4) ","   36 (11.8) ","   17 ( 18.3) ","","",""
"dependence_1 (%)","  ","  ","   "," 0.466",""," 0.213"
"   1","   34 ( 8.6) ","   22 ( 7.2) ","   12 ( 12.9) ","","",""
"   2","   67 (16.9) ","   50 (16.4) ","   17 ( 18.3) ","","",""
"   3","   60 (15.1) ","   46 (15.1) ","   14 ( 15.1) ","","",""
"   4","  151 (38.0) ","  118 (38.8) ","   33 ( 35.5) ","","",""
"   5","   85 (21.4) ","   68 (22.4) ","   17 ( 18.3) ","","",""
"dependence_2 (%)","  ","  ","   "," 0.405",""," 0.238"
"   1","   33 ( 8.3) ","   23 ( 7.6) ","   10 ( 10.8) ","","",""
"   2","   85 (21.4) ","   61 (20.1) ","   24 ( 25.8) ","","",""
"   3","   53 (13.4) ","   39 (12.8) ","   14 ( 15.1) ","","",""
"   4","  164 (41.3) ","  130 (42.8) ","   34 ( 36.6) ","","",""
"   5","   62 (15.6) ","   51 (16.8) ","   11 ( 11.8) ","","",""
"dependence_3 (%)","  ","  ","   "," 0.732",""," 0.170"
"   1","   42 (10.6) ","   31 (10.2) ","   11 ( 11.8) ","","",""
"   2","  116 (29.2) ","   92 (30.3) ","   24 ( 25.8) ","","",""
"   3","   73 (18.4) ","   53 (17.4) ","   20 ( 21.5) ","","",""
"   4","  104 (26.2) ","   78 (25.7) ","   26 ( 28.0) ","","",""
"   5","   62 (15.6) ","   50 (16.4) ","   12 ( 12.9) ","","",""
"stop_wdl_exp_combined (%)","  ","  ","   ","<0.001",""," 1.578"
"   0","  162 (40.8) ","   81 (26.6) ","   81 ( 87.1) ","","",""
"   1","  123 (31.0) ","  119 (39.1) ","    4 (  4.3) ","","",""
"   2","    3 ( 0.8) ","    2 ( 0.7) ","    1 (  1.1) ","","",""
"   3","    1 ( 0.3) ","    1 ( 0.3) ","    0 (  0.0) ","","",""
"   4","    1 ( 0.3) ","    1 ( 0.3) ","    0 (  0.0) ","","",""
"   5","  107 (27.0) ","  100 (32.9) ","    7 (  7.5) ","","",""
"wdl_symptom_count (mean (SD))"," 0.95 (1.00)"," 1.18 (0.99)"," 0.22 (0.61)","<0.001",""," 1.180"
"motivation_1 (mean (SD))"," 3.18 (1.25)"," 3.29 (1.22)"," 2.81 (1.25)"," 0.001",""," 0.393"
"motivation_2 (mean (SD))"," 2.43 (1.17)"," 2.51 (1.19)"," 2.16 (1.07)"," 0.011",""," 0.312"
"motivation_3 (mean (SD))"," 2.74 (1.30)"," 2.70 (1.28)"," 2.88 (1.37)"," 0.241",""," 0.137"
"desires_1 (mean (SD))"," 2.66 (1.15)"," 2.59 (1.13)"," 2.91 (1.20)"," 0.017",""," 0.279"
"desires_2 (mean (SD))"," 2.53 (0.97)"," 2.49 (0.95)"," 2.63 (1.02)"," 0.221",""," 0.143"
"desires_3 (mean (SD))"," 3.67 (1.14)"," 3.60 (1.13)"," 3.90 (1.15)"," 0.026",""," 0.264"
"capability_1 (mean (SD))"," 3.12 (1.20)"," 2.96 (1.14)"," 3.66 (1.24)","<0.001",""," 0.587"
"capability (mean (SD))"," 3.17 (1.29)"," 3.35 (1.22)"," 2.59 (1.33)","<0.001",""," 0.591"
"BFI_Extraversion (mean (SD))"," 3.23 (1.04)"," 3.15 (1.03)"," 3.47 (1.07)"," 0.009",""," 0.306"
"BFI_Agreeableness (mean (SD))"," 3.71 (0.90)"," 3.69 (0.91)"," 3.80 (0.88)"," 0.319",""," 0.119"
"BFI_Conscientiousness (mean (SD))"," 4.10 (0.88)"," 4.09 (0.89)"," 4.10 (0.85)"," 0.936",""," 0.010"
"BFI_Neuroticism (mean (SD))"," 2.92 (1.02)"," 2.90 (1.04)"," 2.97 (0.95)"," 0.562",""," 0.070"
"BFI_Openness (mean (SD))"," 3.52 (0.92)"," 3.48 (0.90)"," 3.65 (0.97)"," 0.122",""," 0.180"
"SURPS_Impulsivity (mean (SD))"," 2.09 (0.53)"," 2.08 (0.53)"," 2.12 (0.52)"," 0.502",""," 0.080"
"SURPS_Sensation_Seeking (mean (SD))"," 1.96 (0.53)"," 1.95 (0.53)"," 1.99 (0.54)"," 0.488",""," 0.082"
"SURPS_Hopelessness (mean (SD))"," 2.07 (0.50)"," 2.08 (0.49)"," 2.05 (0.54)"," 0.628",""," 0.056"
"SURPS_Anxiety_Sensitivity (mean (SD))"," 2.58 (0.50)"," 2.59 (0.49)"," 2.53 (0.53)"," 0.331",""," 0.113"
"DBAS_Consequences (mean (SD))"," 5.76 (2.10)"," 5.81 (2.09)"," 5.58 (2.12)"," 0.372",""," 0.106"
"DBAS_Worry_Helplessness (mean (SD))"," 6.04 (1.81)"," 6.10 (1.82)"," 5.85 (1.79)"," 0.234",""," 0.142"
"DBAS_Expectations (mean (SD))"," 6.26 (2.29)"," 6.26 (2.32)"," 6.26 (2.18)"," 0.989",""," 0.002"
"DBAS_Medications (mean (SD))"," 5.53 (2.00)"," 5.87 (1.82)"," 4.40 (2.17)","<0.001",""," 0.737"
"CISS_Task (mean (SD))"," 3.69 (0.66)"," 3.70 (0.66)"," 3.66 (0.63)"," 0.588",""," 0.065"
"CISS_Emotion (mean (SD))"," 2.91 (0.87)"," 2.94 (0.87)"," 2.81 (0.87)"," 0.186",""," 0.157"
"CISS_Avoidance (mean (SD))"," 2.81 (0.75)"," 2.80 (0.75)"," 2.84 (0.74)"," 0.678",""," 0.049"
